{"cameraMode":{"drawMode":0,"name":"Shaded","section":"Shading Mode"},"sceneLighting":true,"audioPlay":false,"sceneViewState":{"showFog":true,"showMaterialUpdate":false,"showSkybox":true,"showFlares":true,"showImageEffects":true,"showParticleSystems":true},"in2DMode":false,"pivot":{"x":-13.817647933959961,"y":-2.1136474609375,"z":3.866708755493164},"rotation":{"x":-0.06286422908306122,"y":0.9369086027145386,"z":-0.25357142090797427,"w":-0.2322755753993988},"size":37.62532043457031,"orthographic":false}