{"cameraMode":{"drawMode":0,"name":"Shaded","section":"Shading Mode"},"sceneLighting":true,"audioPlay":false,"sceneViewState":{"showFog":true,"showMaterialUpdate":false,"showSkybox":false,"showFlares":true,"showImageEffects":true,"showParticleSystems":true},"in2DMode":false,"pivot":{"x":-2.6356201171875,"y":1.1284990310668946,"z":-13.850058555603028},"rotation":{"x":-0.044141802936792377,"y":-0.9483389258384705,"z":0.27475666999816897,"w":-0.15236011147499085},"size":41.33071517944336,"orthographic":false}