{"cameraMode":{"drawMode":0,"name":"Shaded","section":"Shading Mode"},"sceneLighting":false,"audioPlay":false,"sceneViewState":{"showFog":true,"showMaterialUpdate":false,"showSkybox":false,"showFlares":true,"showImageEffects":true,"showParticleSystems":true},"in2DMode":false,"pivot":{"x":0.0,"y":1.2000000476837159,"z":0.5199999809265137},"rotation":{"x":-0.03210464119911194,"y":-0.7925498485565186,"z":0.6075195074081421,"w":-0.04188275709748268},"size":17.027807235717775,"orthographic":false}