{"cameraMode":{"drawMode":0,"name":"Shaded","section":"Shading Mode"},"sceneLighting":false,"audioPlay":false,"sceneViewState":{"showFog":true,"showMaterialUpdate":false,"showSkybox":false,"showFlares":true,"showImageEffects":true,"showParticleSystems":true},"in2DMode":false,"pivot":{"x":2.430000066757202,"y":0.5099999904632568,"z":-12.930000305175782},"rotation":{"x":0.014724419452250004,"y":0.8556541800498962,"z":-0.5167638659477234,"w":0.02438097633421421},"size":3.882697343826294,"orthographic":false}