{"cameraMode":{"drawMode":0,"name":"Shaded","section":"Shading Mode"},"sceneLighting":false,"audioPlay":false,"sceneViewState":{"showFog":true,"showMaterialUpdate":false,"showSkybox":false,"showFlares":true,"showImageEffects":true,"showParticleSystems":true},"in2DMode":false,"pivot":{"x":15.173267364501954,"y":5.935468673706055,"z":83.8246078491211},"rotation":{"x":0.0043268026784062389,"y":0.9286693334579468,"z":-0.3707253336906433,"w":0.010835167020559311},"size":25.944732666015626,"orthographic":false}